customer_id,probability_of_churn,prediction_of_churn
0668-OGMHD,0.18964277168652457,0
3292-PBZEJ,0.6490504936193315,1
3223-DWFIO,0.5240289259893849,1
6377-KSLXC,0.19508695090535227,0
5360-XGYAZ,0.013479395988447902,0
8146-QQKZH,0.014282555157119028,0
5146-YYFRZ,0.012502855967873532,0
4312-GVYNH,0.01929215008109184,0
8404-FYDIB,0.30114661900377043,0
2369-UAPKZ,0.5871617818939654,1
2995-YWTCD,0.03544373618386622,0
1927-QEWMY,0.0059292608865847175,0
1027-LKKQQ,0.01696150339922536,0
4763-PGDPO,0.5422151194856246,1
7531-GQHME,0.13031770847027782,0
0743-HNPFG,0.05713555980118252,0
8717-VCTXJ,0.017807814979869666,0
3082-VQXNH,0.2970376523654811,0
9281-CEDRU,0.018003574359534827,0
7629-WFGLW,0.1296286074364244,0
9172-ANCRX,0.6469374916948802,1
1852-QSWCD,0.017043961933108913,0
2360-RDGRO,0.38289403998585547,0
7219-TLZHO,0.20964921329908598,0
7663-YJHSN,0.05381751729413823,0
5701-YVSVF,0.5939822832076941,1
0952-KMEEH,0.47924748457478317,0
8519-QJGJD,0.4365510276176494,0
8617-ENBDS,0.6258769410997673,1
7619-ODSGN,0.12146233528924612,0
2683-JXWQQ,0.12236118700842459,0
9917-KWRBE,0.1103514448607906,0
6203-HBZPA,0.0299764144652175,0
5133-VRSAB,0.28095903908105657,0
0495-ZBNGW,0.7041412891767297,1
5197-LQXXH,0.017147114385711214,0
1273-MTETI,0.7499071207074642,1
5306-BVTKJ,0.05793719804297297,0
9360-AHGNL,0.18159828688344462,0
3426-NIYYL,0.2806655722907221,0
6917-IAYHD,0.34202725183259575,0
3638-DIMPH,0.14662894778092977,0
7672-VFMXZ,0.09977944736975841,0
2239-CGBUZ,0.03604136236794808,0
5312-IRCFR,0.15447055590242928,0
1196-AMORA,0.5519751381606832,1
5074-FBGHB,0.23133583948341654,0
8707-RMEZH,0.08442041464147726,0
4770-QAZXN,0.13038028213922728,0
0691-IFBQW,0.2128499696876599,0
1534-OULXE,0.04103722397457682,0
3138-BKYAV,0.6878790207230295,1
8739-QOTTN,0.2328816632237471,0
5780-INQIK,0.3295030301561154,0
3258-ZKPAI,0.04432941627632267,0
8808-ELEHO,0.7019702737471891,1
8461-EFQYM,0.09365200548379521,0
7976-CICYS,0.23839322050719924,0
7964-ZRKKG,0.11160306411810397,0
3566-HJGPK,0.6092927813249851,1
6997-UVGOX,0.019173595555753997,0
6927-WTFIV,0.23971243756149668,0
1325-USMEC,0.05355321758201576,0
0219-QAERP,0.013925067612746025,0
4640-UHDOS,0.26303835951087834,0
4607-CHPCA,0.2553756115490072,0
9947-OTFQU,0.5568725724972015,1
4390-KYULV,0.25879485695543814,0
8290-YWKHZ,0.5910466660968354,1
7240-FQLHE,0.4124177337030453,0
6778-YSNIH,0.5614118945436807,1
6362-QHAFM,0.2854114647766992,0
0404-SWRVG,0.7405951768868981,1
5913-INRQV,0.11621704805334103,0
5298-GSTLM,0.18284446172314717,0
2516-XSJKX,0.06822113138517244,0
7401-JIXNM,0.025699075720283585,0
2108-YKQTY,0.3194572854132678,0
4680-KUTAJ,0.3630286382184126,0
6480-YAGIY,0.15638912024993018,0
4672-FOTSD,0.293686173340097,0
1480-IVEVR,0.10461702760020081,0
2260-USTRB,0.667753837738029,1
0822-GAVAP,0.7258869441794985,1
6807-SIWJI,0.24916003728247924,0
5499-ECUTN,0.08515986854922192,0
8979-CAMGB,0.2699844560946213,0
4415-IJZTP,0.8041665131143604,1
6240-EURKS,0.3155848586851825,0
9242-TKFSV,0.011096066334292604,0
5385-SUIRI,0.39384232693250426,0
2178-PMGCJ,0.23209906372916325,0
3278-FSIXX,0.5944045505514733,1
2860-RANUS,0.40142367932039696,0
3259-FDWOY,0.0941889629844081,0
6734-FQAJX,0.11795131780228156,0
9251-AWQGT,0.006389467565713255,0
9860-LISIZ,0.10715267224961711,0
1934-SJVJK,0.33075931949646603,0
7318-EIVKO,0.38763563334564693,0
3376-BMGFE,0.6658434734991975,1
3106-ULWFW,0.6444780145295296,1
0323-XWWTN,0.11412098676627126,0
2372-HWUHI,0.4107653145192498,0
1432-FPAXX,0.22361929510733422,0
9430-NKQLY,0.016407474514186414,0
8091-TTVAX,0.16152168389506064,0
1728-BQDMA,0.42736699464773453,0
8999-EXMNO,0.006921459423635249,0
5174-ITUMV,0.2737476808468939,0
1575-KRZZE,0.3663815646527637,0
5696-JVVQY,0.04115384819582948,0
4616-ULAOA,0.07613639881093809,0
8734-FNWVH,0.09800130322718786,0
0306-JAELE,0.673648256964809,1
6692-YQHXC,0.37470480561919023,0
4759-TRPLW,0.6122091199720223,1
1760-CAZHT,0.09242233357417116,0
2346-DJQTB,0.1706355449786402,0
2405-LBMUW,0.040426201540327764,0
3148-AOIQT,0.022686915249543235,0
2609-IAICY,0.8019613361984702,1
3307-TLCUD,0.19241071384368943,0
2277-DJJDL,0.3414558489440001,0
7450-NWRTR,0.6760237849379959,1
8815-LMFLX,0.19338565755937853,0
2842-JTCCU,0.3674294984385903,0
7402-PWYJJ,0.1274818171629696,0
5143-WMWOG,0.3337067917476976,0
5995-LFTLE,0.025794071035432176,0
8943-URTMR,0.7012729579904495,1
7083-YNSKY,0.24180851750716595,0
1038-RQOST,0.09688254661528595,0
0454-OKRCT,0.03555489140215564,0
7241-AJHFS,0.24870727700385928,0
8788-DOXSU,0.09175831261695908,0
3262-EIDHV,0.013178437453806568,0
6856-RAURS,0.6815105343731683,1
6050-FFXES,0.08215106514504768,0
0565-IYCGT,0.07695098402583249,0
1535-VTJOQ,0.06701613964828688,0
9938-PRCVK,0.011887657064296755,0
1135-HIORI,0.23950239934785203,0
3441-CGZJH,0.11249991538482641,0
5317-FLPJF,0.021181190104573564,0
3951-NJCVI,0.5392219756671139,1
3966-HRMZA,0.5524965596628502,1
0193-ESZXP,0.1713279983025692,0
2642-MAWLJ,0.009520884248959164,0
1767-TGTKO,0.3735375955099354,0
3855-ONCAR,0.6506353951712586,1
5846-QFDFI,0.28045344736095024,0
8871-JLMHM,0.03436658259823067,0
4706-DGAHW,0.48438482841437713,0
6956-SMUCM,0.6745919310617359,1
3452-SRFEG,0.2742967546942887,0
6827-IEAUQ,0.05382884434469342,0
0280-XJGEX,0.35963463437056814,0
4210-QFJMF,0.6840846526060731,1
3506-LCJDC,0.27672611698632243,0
6919-ELBGL,0.03221731906109938,0
3088-LHEFH,0.48905824516209423,0
5998-DZLYR,0.06652670897475688,0
2703-AMTUL,0.034528646792141605,0
4636-JGAAI,0.32182296432701024,0
5016-ETTFF,0.2744494055579535,0
9367-TCUYN,0.13892382804339376,0
4464-JCOLN,0.036827455041202856,0
4853-OITSN,0.6390508732390949,1
5947-SGKCL,0.4800563548199964,0
6522-YRBXD,0.4826632223283854,0
3085-QUOZK,0.40224265955369437,0
2626-VEEWG,0.009088271805953639,0
3512-IZIKN,0.016663219272286756,0
0310-SUCIN,0.05749981276345226,0
0853-NWIFK,0.17734327883925466,0
8042-RNLKO,0.024205126392704047,0
3797-FKOGQ,0.5372438536711323,1
3724-UCSHY,0.14265472273889407,0
5804-JMYIO,0.016497030418064128,0
2207-NHRJK,0.3639250628626363,0
7140-ADSMJ,0.20288081961747473,0
5583-SXDAG,0.5985554940850092,1
0322-YINQP,0.5738882380681227,1
3378-AJRAO,0.06676810350166922,0
9822-WMWVG,0.4513659472518994,0
0513-RBGPE,0.028188929549178888,0
9912-GVSEQ,0.5713595033431141,1
1345-ZUKID,0.015384533839931342,0
8639-NHQEI,0.048541247619800165,0
4223-BKEOR,0.060869397102412216,0
9957-YODKZ,0.7065186407971447,1
3746-EUBYR,0.7513022421929128,1
9261-WDCAF,0.3623423054497918,0
4236-UJPWO,0.5167350695498707,1
5014-GSOUQ,0.01086680908640544,0
9174-IHETN,0.042492618540570806,0
7982-VCELR,0.3741605364581871,0
4104-PVRPS,0.09012421563074731,0
3027-YNWZU,0.012935250888355726,0
6351-SCJKT,0.3460977775713559,0
4702-HDRKD,0.06934741772344133,0
5650-YLIBA,0.5518161357661473,1
5249-QYHEX,0.03227771230385814,0
7963-SHNDT,0.022481074729325822,0
7216-KAOID,0.012612296728106575,0
7013-PSXHK,0.14261880832719626,0
4667-QONEA,0.06727999642257458,0
4878-BUNFV,0.0067379099051777126,0
8107-RZLNV,0.09975264581423353,0
5569-OUICF,0.4445431785382363,0
5960-MVTUK,0.5804288972801519,1
5196-SGOAK,0.7803681402568732,1
2019-HDCZY,0.11979480031601662,0
0015-UOCOJ,0.4609667274673744,0
7114-AEOZE,0.011259115542379712,0
1619-YWUBB,0.022686915249543235,0
6377-WHAOX,0.4033704675329543,0
7395-IGJOS,0.36443932878456087,0
5159-YFPKQ,0.7178988748376527,1
6701-YVNQG,0.01291314810890667,0
4195-NZGTA,0.5566904830431322,1
6483-OATDN,0.252469114731942,0
2275-RBYQS,0.6391441641588775,1
7480-SPLEF,0.02173915322068175,0
2057-BOYKM,0.0355521759358985,0
6047-SUHPR,0.05781842021038506,0
6504-VBLFL,0.06662657828130052,0
7005-CCBKV,0.6566669235507631,1
0531-ZZJWQ,0.4254176585285213,0
2150-OEGBV,0.012495791019333142,0
5299-SJCZT,0.7583172011082957,1
6772-WFQRD,0.02108492504418189,0
3795-CAWEX,0.05839624844592314,0
3177-LASXD,0.6340116458083609,1
5057-LCOUI,0.22127927349167265,0
9651-GTSAQ,0.14501144226209559,0
0253-ZTEOB,0.05045935688391822,0
4627-MIHJH,0.11289014907906651,0
6937-GCDGQ,0.08309695881960577,0
4208-UFFGW,0.3807067441295729,0
4391-RESHN,0.41137680096010343,0
6258-NGCNG,0.19707909523273798,0
6481-ESCNL,0.39662261978377417,0
4598-XLKNJ,0.5475947851365626,1
3538-WZPHD,0.6124774316748048,1
7341-LXCAF,0.7074214014907799,1
8904-OPDCK,0.18730694760230887,0
1459-QNFQT,0.017632849672274076,0
5840-NVDCG,0.042091275353359735,0
2592-HODOV,0.05998658807264112,0
5766-FTRTS,0.01096421926596174,0
2159-TURXX,0.19770212088881806,0
9577-WJVCQ,0.1308322083951353,0
7593-XFKDI,0.3986280905983917,0
9591-YVTEB,0.2997762228426385,0
5334-AFQJB,0.021715976856329918,0
8208-EUMTE,0.06323421095556349,0
8041-TMEID,0.07971147372581097,0
4121-AGSIN,0.031028581388505384,0
5448-VWNAM,0.17376740030103696,0
4302-ZYFEL,0.01564433888286754,0
1091-SOZGA,0.1616990409314611,0
6682-VCIXC,0.053541585002134566,0
4039-HEUNW,0.5708204835561762,1
6319-IEJWJ,0.5594146051408816,1
0643-OKLRP,0.3344226411351721,0
1984-GPTEH,0.16228610880974909,0
5248-YGIJN,0.012805621227186238,0
8016-ZMGMO,0.079425125139099,0
9648-BCHKM,0.04876940003454618,0
5939-SXWHM,0.015177930456410839,0
5480-XTFFL,0.007012499444376727,0
8747-UDCOI,0.0070106682908424875,0
5574-NXZIU,0.09909880622328801,0
8219-VYBVI,0.017131563113988692,0
3276-HDUEG,0.7197461441129227,1
3197-ARFOY,0.4281668406245751,0
3315-TOTBP,0.4057688540201349,0
0795-GMVQO,0.17561332795125784,0
5067-DGXLL,0.2524152638735134,0
7113-HIPFI,0.01611717544146316,0
1051-GEJLJ,0.26726893993590717,0
5439-WIKXB,0.5111003989768673,1
7088-FBAWU,0.18504387372911213,0
3211-ILJTT,0.32659662431915043,0
6849-OYAMU,0.2248470058583684,0
5245-VDBUR,0.021054351188239017,0
3034-ZBEQN,0.028745581327502937,0
7799-LGRDP,0.03655139327322188,0
6870-ZWMNX,0.019823261631906605,0
1830-GGFNM,0.05344046169804523,0
6010-DDPPW,0.010995073586004633,0
7184-LRUUR,0.11039830087069402,0
6169-PPETC,0.02155818753779171,0
3585-YNADK,0.05772594405014408,0
1334-PDUKM,0.08179708721872038,0
0727-IWKVK,0.5881486223781032,1
1052-QJIBV,0.005030705655554405,0
9313-QOLTZ,0.09882812343648043,0
5016-IBERQ,0.40369586831291376,0
7892-POOKP,0.5457173470360842,1
4186-ZBUEW,0.09237556010901177,0
4819-HJPIW,0.16870424926658928,0
8634-MPHTR,0.49304485302221296,0
8622-ZLFKO,0.7311762088085163,1
2017-CCBLH,0.023238313903633085,0
5760-WRAHC,0.2226829876180876,0
3845-FXCYS,0.3750340424006925,0
1971-DTCZB,0.013753694851710761,0
0455-ENTCR,0.08058868766889882,0
8564-LDKFL,0.1976939613758195,0
2316-ESMLS,0.044184213785278655,0
5686-CMAWK,0.22987976450934305,0
5956-YHHRX,0.630046204099562,1
5575-GNVDE,0.04064663315169945,0
7797-EJMDP,0.20220525210039664,0
9184-GALIL,0.09210035601624302,0
2718-GAXQD,0.4687443948712501,0
4369-HTUIF,0.6054668363491963,1
3887-PBQAO,0.053875210629254655,0
8969-PRHFK,0.011893137989441267,0
4439-JMPMT,0.6245017420867155,1
4102-HLENU,0.014133449037063461,0
9975-GPKZU,0.008710166457488787,0
2273-QCKXA,0.3636725609092519,0
4958-GZWIY,0.3087226782203466,0
6087-YPWHO,0.012789040215095198,0
1333-PBMXB,0.025382039902067936,0
9142-KZXOP,0.15833257897918432,0
4176-FXYBO,0.32971555764859856,0
2868-MZAGQ,0.799515008453122,1
7779-ORAEL,0.06533730433335026,0
1685-VAYJF,0.23709041905327807,0
7359-WWYJV,0.043135511964778175,0
6296-DDOOR,0.14318942173613108,0
1527-SXDPN,0.07656647495861113,0
7080-TNUWP,0.12660419278776724,0
8319-QBEHW,0.09895226579988427,0
4584-LBNMK,0.02213417099870031,0
4195-PNGZS,0.006034402267169336,0
1041-RXHRA,0.19659540238251613,0
7989-VCQOH,0.18099671726882616,0
6393-WRYZE,0.5708428657339887,1
9490-DFPMD,0.5358484545690194,1
9835-ZIITK,0.29785954701418055,0
9871-ELEYA,0.03809025873926237,0
2180-DXNEG,0.6198767100801327,1
6339-TBELP,0.031406824095300295,0
1569-TTNYJ,0.7251266833757384,1
8679-LZBMD,0.13713329421039372,0
5228-EXCET,0.5302786632138943,1
9978-HYCIN,0.12431511531342078,0
8345-MVDYC,0.02475585582916246,0
8232-UTFOZ,0.009676201204576018,0
4821-SJHJV,0.4181749651127519,0
5443-SCMKX,0.16980710569021545,0
3717-LNXKW,0.3060321087352518,0
6578-KRMAW,0.32803808977981097,0
3871-IKPYH,0.6317793775326662,1
2656-FMOKZ,0.4640518173080897,0
8100-PNJMH,0.02454570605654105,0
5736-YEJAX,0.029580490935243522,0
5348-CAGXB,0.6171401524522634,1
4781-ZXYGU,0.4386142211885873,0
9174-FKWZE,0.48311679605004726,0
4298-OYIFC,0.6301826427127483,1
1684-FLBGS,0.1526066303077231,0
5895-QSXOD,0.3461329137198672,0
3351-NGXYI,0.3912978653590102,0
8305-VHZBZ,0.4310105635061961,0
6402-EJMWF,0.4372695486273429,0
1169-SAOCL,0.19519946028818608,0
5945-AZYHT,0.293745425854657,0
3763-GCZHZ,0.22688467941546878,0
8646-JCOMS,0.0800107287359692,0
4976-LNFVV,0.25016285901071417,0
0468-YRPXN,0.3564926985727774,0
3331-HQDTW,0.3946075095820571,0
1845-ZLLIG,0.5867422894079144,1
4915-BFSXL,0.025155702199458764,0
8859-DZTGQ,0.007685141958540973,0
7839-NUIAA,0.1306589904966324,0
5968-HYJRZ,0.013709481960697099,0
2265-CYWIV,0.7020442590082671,1
7826-VVKWT,0.2308119479387048,0
8861-HGGKB,0.6256929249090167,1
7029-RPUAV,0.4626374125825308,0
9494-MRNYX,0.5663161757964654,1
0117-LFRMW,0.13044491784954157,0
2984-AFWNC,0.6765390130700715,1
1212-GLHMD,0.545645386110897,1
0018-NYROU,0.5605914631475634,1
1310-QRITU,0.31673207952591864,0
8695-WDYEA,0.39667075995808426,0
6661-EIPZC,0.11027752794485793,0
9073-ZZIAY,0.05764945139132096,0
7746-AWNQW,0.13199920008721183,0
1400-WIVLL,0.11070533085219177,0
2219-MVUSO,0.28842216910778723,0
2475-MROZF,0.30016008885380197,0
5986-WWXDV,0.012637906776273508,0
2400-XIWIO,0.037521535380071504,0
3865-ZFZIB,0.007317191333461088,0
1934-MKPXS,0.00939182713000882,0
4011-ARPHK,0.12379613033238428,0
0870-VEMYL,0.30567143519381373,0
8259-NFJTV,0.27652669621156845,0
6689-KXGBO,0.3804094315925549,0
9619-GSATL,0.05528582319134796,0
7743-EXURX,0.37629999686872095,0
6502-HCJTI,0.6565032893150086,1
6328-ZPBGN,0.6178787994097309,1
6599-CEBNN,0.3016537588930353,0
5339-TJFEK,0.3661879857011583,0
0014-BMAQU,0.03797884200471128,0
8123-QBNAZ,0.4178282249858888,0
6877-TJMBR,0.680961681191972,1
5143-EGQFK,0.5204536425019402,1
3207-OYBWH,0.1882402363282737,0
0298-XACET,0.019235090744499223,0
7950-XWOVN,0.23129161696785122,0
1536-HBSWP,0.6493828778498881,1
4489-SNOJF,0.1448605906144864,0
3890-RTCMS,0.23039932798238705,0
1159-WFSGR,0.21215253266384784,0
8990-YOZLV,0.031577999460122234,0
8048-DSDFQ,0.3377769165193261,0
0274-JKUJR,0.2599861139995587,0
3727-OVPRY,0.03933189010136612,0
0613-WUXUM,0.0088305836807675,0
7339-POGZN,0.4389541297109018,0
8690-ZVLCL,0.018987573914512015,0
5663-QBGIS,0.15324066646229959,0
6122-LJADA,0.023229788841943284,0
8640-SDGKB,0.4476839366574144,0
1240-HCBOH,0.017304587525414816,0
1215-VFYVK,0.3705108546815113,0
8184-WMOFI,0.038242558362789655,0
2277-AXSDC,0.013578470575313393,0
8727-JQFHV,0.003676581131680971,0
9728-FTTVZ,0.7730746238043469,1
3002-WQZWT,0.5337662289558757,1
7446-YPODE,0.24911138010020775,0
5712-PTIWW,0.6312476878942384,1
1049-FYSYG,0.2352909771785537,0
3569-JFODW,0.011767517153479144,0
1735-XMJVH,0.22301416035100552,0
3084-DOWLE,0.014145232704267499,0
4304-TSPVK,0.07815192415272096,0
5405-ZMYXQ,0.6211756370727626,1
5375-XLDOF,0.09052326836897175,0
9904-EHEVJ,0.41639883617162127,0
6407-GSJNL,0.021511329874846483,0
9373-WSLOY,0.28906665315643304,0
1925-GMVBW,0.23562383385310193,0
8676-TRMJS,0.57038989526124,1
1131-QQZEB,0.006595110585557658,0
3082-YVEKW,0.0770553007706192,0
8149-RSOUN,0.8353046280387677,1
6156-UZDLF,0.10726266907998121,0
3091-FYHKI,0.7533702394717394,1
3566-VVORZ,0.211214111748789,0
4524-QCSSM,0.1752675416922137,0
9602-WCXPI,0.02088757813221872,0
2578-JQPHZ,0.0556231875589121,0
2931-FSOHN,0.37800255137840433,0
0829-XXPLX,0.36250180305146573,0
6620-JDYNW,0.20888358732427004,0
1866-DIOQZ,0.036631542021490146,0
9526-JAWYF,0.3926762033406586,0
9862-KJTYK,0.16840589822972546,0
1207-BLKSA,0.008278248959088064,0
5777-ZPQNC,0.05056308228275948,0
6022-KOUQO,0.4110300538858794,0
9129-UXERG,0.45583655631683856,0
3716-UVSPD,0.6407470627208046,1
3283-WCWXT,0.03665822189932609,0
0616-ATFGB,0.5661360219162195,1
2696-NARTR,0.4615616467015247,0
5135-GRQJV,0.03543018772783667,0
4785-FCIFB,0.0068876757998079605,0
8215-NGSPE,0.006280711315680247,0
3627-FCRDW,0.45834548607601044,0
2293-IJWPS,0.16258851334103336,0
4194-WHFCB,0.1743937819563064,0
3404-JNXAX,0.3495874079309507,0
2696-ECXKC,0.14738026111809155,0
1564-NTYXF,0.5960456935491897,1
8812-ZRHFP,0.184828083281508,0
0970-QXPXW,0.3173330664754545,0
5215-LNLDJ,0.4916732474292246,0
4039-PIMHX,0.04935481442299189,0
8096-LOIST,0.2632295855047967,0
1525-LNLOJ,0.02167826175189255,0
9795-NREXC,0.03540894386997002,0
7581-EBBOU,0.0761349850063018,0
0637-KVDLV,0.7591447644977702,1
0516-QREYC,0.1767567874331584,0
6103-BOCOU,0.5621864212619676,1
4522-AKYLR,0.3593848594048129,0
7623-HKYRK,0.152266802864863,0
2061-VVFST,0.12233772934540678,0
1448-CYWKC,0.18617839593228147,0
1016-DJTSV,0.5825531527015808,1
0530-IJVDB,0.06562943989763094,0
6419-ZTTLE,0.11215950721333309,0
5793-YOLJN,0.00561776806197079,0
4895-TMWIR,0.18407600007674305,0
2478-EEWWM,0.21598313119584325,0
1264-BYWMS,0.40718682391480654,0
5748-RNCJT,0.14246780167669992,0
0961-ZWLVI,0.1781856218924294,0
2486-WYVVE,0.16524913042602468,0
5204-QZXPU,0.2888399200399892,0
9895-VFOXH,0.43770831147637596,0
5702-KVQRD,0.05595154832819439,0
2746-DIJLO,0.06289792855859803,0
5537-UXXVS,0.1453957552763275,0
3370-GQEAL,0.44730505755367117,0
9585-KKMFD,0.01999853329820838,0
6339-RZCBJ,0.02537188918220845,0
4526-ZJJTM,0.32708219177796916,0
7074-IEVOJ,0.7539436924701296,1
5949-EBSQK,0.28831862244064305,0
1363-TXLSL,0.7965786943668199,1
6619-RPLQZ,0.006077650177120008,0
0181-RITDD,0.08834884288990379,0
2072-ZVJJX,0.008138620507158918,0
5897-ZYEKH,0.25209027662111355,0
3058-WQDRE,0.26937647968328465,0
2408-PSJVE,0.12435465149072844,0
8947-YRTDV,0.09605601843816608,0
5419-JPRRN,0.8215157367280109,1
6142-VSJQO,0.5888406120225047,1
9122-UMROB,0.33522959047865264,0
3298-QEICA,0.021301480565443582,0
4879-GZLFH,0.436976864017486,0
9448-REEVD,0.3614643419620648,0
6400-BWQKW,0.6024408923541148,1
8580-QVLOC,0.0705852496518295,0
8875-AKBYH,0.6212650863917224,1
0883-EIBTI,0.2491541738540358,0
6671-NGWON,0.19445310978706132,0
8627-EHGIP,0.10477744011614268,0
2027-DNKIV,0.07351603823343389,0
2692-PFYTJ,0.5495636640407886,1
3892-NXAZG,0.02725146029744009,0
6408-OTUBZ,0.13076050658719696,0
3623-FQBOX,0.14334062959658242,0
5590-YRFJT,0.29280578639457694,0
7075-BNDVQ,0.3709448845288616,0
1494-EJZDW,0.010121825940579296,0
5124-EOGYE,0.008538351756872724,0
0696-UKTOX,0.11369422391727023,0
6637-KYRCV,0.531483279912883,1
4229-CZMLL,0.7025321486175465,1
2189-UXTKY,0.2127683949508705,0
1409-PHXTF,0.1383663278988897,0
6527-PZFPV,0.026711058300215803,0
0480-BIXDE,0.5557581421158838,1
9560-ARGQJ,0.5557308514223888,1
1343-EHPYB,0.4064252999469285,0
3873-WOSBC,0.014150218884150472,0
1194-SPVSP,0.331246025421252,0
0258-NOKBL,0.6020387544460464,1
9117-SHLZX,0.6092927813249851,1
0354-WYROK,0.4541157147176692,0
3494-JCHRQ,0.7689491414717761,1
4154-AQUGT,0.4831063587459648,0
0411-EZJZE,0.5572453661326403,1
2603-HVKCG,0.5154499838183944,1
1205-WNWPJ,0.31563271268948534,0
4816-LXZYW,0.5563991999089136,1
8908-NMQTX,0.013454857632017127,0
7666-WKRON,0.12449089943248531,0
5394-MEITZ,0.026770300475174057,0
0731-EBJQB,0.07492175969146914,0
9680-NIAUV,0.03786344784675616,0
9134-WYRVP,0.0946738069315163,0
5382-SOYZL,0.6198474799018749,1
9356-AXGMP,0.28786992127635863,0
4323-ELYYB,0.010629199757095469,0
1996-DBMUS,0.26410658688614214,0
2582-FFFZR,0.2659433236211523,0
5229-DTFYB,0.07377967753007263,0
9866-QEVEE,0.368454621856677,0
7905-NJMXS,0.3238337029183996,0
2796-NNUFI,0.010586771177371527,0
1450-SKCVI,0.3411224958787485,0
9337-SRRNI,0.018144131033117728,0
8229-BUJHX,0.004847534106382073,0
7161-DFHUF,0.00555348211720172,0
9894-EZEWG,0.6729608217446215,1
2568-BRGYX,0.6477786894764185,1
7206-PQBBZ,0.5298210054563076,1
3108-PCCGG,0.04811026448660166,0
8645-KWHJO,0.44497171401219726,0
7065-YUNRY,0.63411169662641,1
2143-LJULT,0.023488350656241795,0
9488-FVZCC,0.009960684127310241,0
9614-RMGHA,0.23907999155089465,0
0114-IGABW,0.027003318285113223,0
0691-JVSYA,0.13621864831625577,0
0134-XWXCE,0.10197155688094538,0
6762-QVYJO,0.020473213830336692,0
7207-RMRDB,0.44451154392961534,0
2691-NZETQ,0.6795119095079294,1
9506-UXUSK,0.4958129172260249,0
5968-VXZLG,0.5686640683628537,1
0336-PIKEI,0.04338331940380278,0
7978-DKUQH,0.47989895453364284,0
1855-CFULU,0.29909744007557393,0
6474-FVJLC,0.7893921157106738,1
2911-WDXMV,0.3394062525692491,0
2164-SOQXL,0.10114731241547101,0
4979-HPRFL,0.00967282304762886,0
0744-BIKKF,0.014137920270859541,0
9306-CPCBC,0.7278003557406462,1
5498-TXHLF,0.4354855878497668,0
7639-LIAYI,0.056544676543621886,0
4282-YMKNA,0.6190365253830636,1
5294-CDGWY,0.07032228155229152,0
6621-YOBKI,0.20826079005325177,0
0678-RLHVP,0.12797158760563224,0
8614-VGMMV,0.3490246845559101,0
9513-DXHDA,0.09960085655141375,0
5027-XWQHA,0.3164444988671938,0
1704-NRWYE,0.6187741904388949,1
4227-OJHAL,0.07278893056547565,0
5378-IKEEG,0.7638090393159945,1
0027-KWYKW,0.5927825551561893,1
7694-VLBWQ,0.2703821334598084,0
6648-INWPS,0.20112179416569329,0
1591-XWLGB,0.006513202492424134,0
3508-VLHCZ,0.009508830908976348,0
8752-GHJFU,0.16520087391040003,0
1142-IHLOO,0.15016818612250563,0
5835-BEQEU,0.7436228059914837,1
1336-EZFZY,0.24797693927868975,0
7710-JSYOA,0.05454433711555393,0
1360-JYXKQ,0.1857120061388306,0
5371-VYLSX,0.4021710592704922,0
9534-NSXEM,0.031077701428251534,0
1035-IPQPU,0.402895717571518,0
8705-WZCYL,0.6513618812041664,1
4868-AADLV,0.2895876776715859,0
3870-MQAMG,0.20804558280899388,0
6960-HVYXR,0.7518923184735847,1
1320-HTRDR,0.7362619544068905,1
6946-LMSQS,0.19067632556711347,0
1092-WPIVQ,0.02008639483199488,0
4910-GMJOT,0.8344849559076202,1
7580-UGXNC,0.3487600905044724,0
2460-FPSYH,0.2752615322187285,0
0815-MFZGM,0.0685051403806869,0
3589-PPVKW,0.32745600859219187,0
0704-VCUMB,0.00784964672968373,0
0657-DOGUM,0.042776066076600804,0
3284-SVCRO,0.014449848057080097,0
3451-VAWLI,0.01897550985056306,0
6461-SZMCV,0.014252759585987929,0
4324-AHJKS,0.2836195166063099,0
2676-ISHSF,0.33522959047865264,0
4877-TSOFF,0.05441333130984308,0
6917-YACBP,0.26786347460798543,0
5196-WPYOW,0.032685168593120956,0
7765-LWVVH,0.098596857572806,0
6199-IWKGC,0.20308657462559046,0
6368-TZZDT,0.03135722542162579,0
1867-TJHTS,0.19807247985642984,0
8902-ZEOVF,0.012544248299929096,0
0254-WWRKD,0.03454134824528193,0
5084-OOVCJ,0.1940719120407289,0
5236-PERKL,0.14025547262376936,0
4397-FRLTA,0.23797693927868974,0
4060-LDNLU,0.698856684342678,1
0023-XUOPT,0.5884709479646044,1
1010-DIAUQ,0.523954658793015,1
9249-FXSCK,0.16019670652636736,0
5709-LVOEQ,0.12171061312459792,0
1557-EMYVT,0.09461915619651474,0
9046-DQMTP,0.11737713987189746,0
3813-DHBBB,0.022619188996215144,0
9054-FOWNV,0.5881640805522789,1
7893-IXHRQ,0.35488544785065224,0
8780-YRMTT,0.01644976953212961,0
6121-VZNQB,0.3823886726770299,0
3896-RCYYE,0.2006475697933993,0
5243-SAOTC,0.22833242543171764,0
8996-ZROXE,0.1450347466238655,0
3823-KYNQY,0.050171144340633654,0
5321-NTRKC,0.02675750132274858,0
5673-FSSMF,0.6993277306790301,1
8022-BECSI,0.013505664136851139,0
1184-PJVDB,0.6277720838757509,1
6732-FZUGP,0.11837381613784785,0
4455-BFSPD,0.16560168125550637,0
2649-HWLYB,0.019283785684481497,0
3865-QBWSJ,0.3512859986002105,0
8075-GXIUB,0.061401563475291916,0
7421-ZLUPA,0.403122606100611,0
5286-YHCVC,0.10816769957767443,0
1728-CXQBE,0.2968845480414037,0
7925-PNRGI,0.14820693995137535,0
9778-OGKQZ,0.018942041328823732,0
9308-ANMVE,0.19524100402197345,0
0195-IESCP,0.6529065747469529,1
3620-EHIMZ,0.006385945952188537,0
3195-TQDZX,0.34979026413436826,0
3804-RVTGV,0.3406641429876847,0
1641-BYBTK,0.2260276971233193,0
0567-GGCAC,0.25594956584857986,0
2027-OAQQC,0.18161321171366826,0
8854-CCVSQ,0.5580169977885057,1
9761-XUJWD,0.31027338496683493,0
7998-WNZEM,0.015383150459952642,0
8111-RKSPX,0.6602639725137922,1
1852-XEMDW,0.13326894905733397,0
8573-CGOCC,0.12407639137184809,0
8402-OOOHJ,0.007048958454956413,0
8400-WZICQ,0.12034361552976701,0
6522-OIQSX,0.02837744984135917,0
2896-TBNBE,0.12672824084695553,0
3604-WLABM,0.2730386627078754,0
9447-YPTBX,0.02217136744489001,0
2155-AMQRX,0.1524678060579221,0
5465-BUBFA,0.022408490397630078,0
7739-LAXOG,0.36748970246113727,0
4192-GORJT,0.6955696429646848,1
1707-HABPF,0.09780450625722668,0
0618-XWMSS,0.25184327990731203,0
6048-QBXKL,0.5757526889696166,1
5119-KEPFY,0.428334216364045,0
9153-BTBVV,0.006201415887694855,0
4283-FUTGF,0.5837727370678792,1
5119-NZPTV,0.550624171110492,1
9752-ZNQUT,0.6574953341692588,1
9494-BDNNC,0.2105057380805865,0
3969-JQABI,0.14066354894745095,0
4925-LMHOK,0.23297795739153837,0
7021-XSNYE,0.08463587656635221,0
4815-GBTCD,0.5794495047197521,1
6839-ITVZJ,0.14628507888854447,0
4701-AHWMW,0.1504848043839112,0
0867-MKZVY,0.41686104620519226,0
3594-BDSOA,0.01591800427316353,0
6024-RUGGH,0.012492559088368469,0
8099-MZPUJ,0.09367101701850902,0
3988-RQIXO,0.8305471980122071,1
4501-UYKBC,0.1430902412001793,0
3950-VPYJB,0.021781426765328505,0
6823-SIDFQ,0.026066189372271845,0
9968-FFVVH,0.043191951098446764,0
4323-OHFOW,0.17046430487922987,0
5129-JLPIS,0.47064175917434903,0
6116-RFVHN,0.5589499440615967,1
5167-ZFFMM,0.7036018053276123,1
4529-CKBCL,0.7438925222348045,1
0270-THENM,0.016193983094406103,0
4132-KALRO,0.7382854223516334,1
2270-CHBFN,0.27354812715847815,0
8245-UMPYT,0.6691400990320717,1
9089-UOWJG,0.24154438791201774,0
5930-GBIWP,0.028308724708056395,0
9798-OPFEM,0.08644055259342784,0
9906-NHHVC,0.055820431578635796,0
7691-XVTZH,0.07432167588495027,0
7182-OVLBJ,0.10211586075154937,0
1386-ZIKUV,0.22645669921620504,0
7272-QDCKA,0.2846732786872932,0
5293-WXJAK,0.6056652139939223,1
4906-ZHGPK,0.11464064881286548,0
3798-EPWRR,0.49005380021976785,0
5087-SUURX,0.35615004813946244,0
6738-ISCBM,0.11970302694018933,0
8844-TONUD,0.4514101186743858,0
6266-QHOJZ,0.13645129393781746,0
4213-HKBJO,0.04468675981940749,0
7952-OBOYL,0.6406774041329255,1
2542-HYGIQ,0.3012476450958732,0
1297-VQDRP,0.21170899077151822,0
1077-HUUJM,0.5989409229193823,1
5287-QWLKY,0.31771321724160395,0
1935-IMVBB,0.2723047840583218,0
3709-OIJEA,0.19618750707286547,0
4001-TSBTV,0.3497471672653633,0
2604-IJPDU,0.5302971045706266,1
3791-LGQCY,0.2902982902999789,0
5828-DWPIL,0.26253393150888665,0
2320-TZRRH,0.009410801291745468,0
7883-ROJOC,0.1405851057776189,0
3373-YZZYM,0.2966690936042486,0
0619-OLYUR,0.06507912752763712,0
4248-QPAVC,0.37248408275059947,0
0269-XFESX,0.024442155702362793,0
5202-IVJNU,0.11509301502369292,0
4918-QLLIW,0.3452997854821173,0
5365-LLFYV,0.5759601723278077,1
9462-MJUAW,0.35596701727372804,0
4183-MYFRB,0.49024277605231553,0
9586-JGQKH,0.06893332940738583,0
6103-LIANB,0.07102559407925499,0
4990-ALDGW,0.005602857491026243,0
9776-OJUZI,0.2606721545191045,0
5386-THSLQ,0.07535591227970387,0
3745-HRPHI,0.022432415695722695,0
2740-TVLFN,0.6451323989547129,1
4359-INNWN,0.02109815146998601,0
8778-LMWTJ,0.5418864368227484,1
5232-NXPAY,0.020437265367744727,0
6900-RBKER,0.05482688228624213,0
1640-PLFMP,0.7821549424665899,1
7881-EVUAD,0.6686031525983132,1
3402-XRIUO,0.17171313353284062,0
8007-YYPWD,0.06514715312721492,0
3500-RMZLT,0.44533183555846134,0
6719-FGEDO,0.03708766740349641,0
0107-YHINA,0.8126139018461284,1
2878-RMWXY,0.052507030609652984,0
0930-EHUZA,0.10063180567262565,0
3317-VLGQT,0.5458110862857705,1
9659-QEQSY,0.36979231336151064,0
7020-OZKXZ,0.44445369758084885,0
1265-HVPZB,0.04700804549948581,0
5318-YKDPV,0.039346363263218796,0
0203-HHYIJ,0.02882931124023476,0
6322-HRPFA,0.0989880711853789,0
6304-IJFSQ,0.50412062391325,1
4800-VHZKI,0.40386497664309756,0
4145-UQXUQ,0.6830791444035286,1
5599-HVLTW,0.45552952009755804,0
6942-LBFDP,0.3748112245781282,0
5229-PRWKT,0.6941253020656225,1
0402-OAMEN,0.0052658859703632235,0
6950-TWMYB,0.028314772179005573,0
9800-OUIGR,0.0058882119986555185,0
0307-BCOPK,0.0188671094229373,0
8845-LWKGE,0.12401916097447284,0
4806-DXQCE,0.049915862752485565,0
2639-UGMAZ,0.17402065638720657,0
4614-NUVZD,0.8076258088595424,1
2236-HILPA,0.005169135257680966,0
6353-BRMMA,0.2721421499151498,0
6664-FPDAC,0.28225887206414,0
4710-NKCAW,0.2400340020188677,0
4342-HFXWS,0.06669614692481551,0
3063-QFSZL,0.7036385278073871,1
9470-RTWDV,0.1657015379424257,0
5515-AKOAJ,0.37109445084417864,0
9489-UTFKA,0.2922038009461572,0
5311-IHLEI,0.2926852787936806,0
5666-MBJPT,0.018663156466654802,0
1338-CECEE,0.07151972122432722,0
6635-MYYYZ,0.09816754288911525,0
0224-NIJLP,0.012930065928175328,0
5027-QPKTE,0.5602631813121051,1
5989-AXPUC,0.13111708996938726,0
7426-WEIJX,0.3118335987218155,0
5297-MDOIR,0.08228411348144295,0
7249-WBIYX,0.6807994140644809,1
5760-IFJOZ,0.5669583008374071,1
9258-CNWAC,0.03237933324396687,0
3199-XGZCY,0.6857593351202611,1
7695-PKLCZ,0.011375032026499907,0
4106-HADHQ,0.08950581590873014,0
7996-BPXHY,0.05477189874055676,0
9385-EHGDO,0.022436999390807285,0
9135-MGVPY,0.016350827802307025,0
5701-GUXDC,0.04132652433758485,0
2773-MADBQ,0.02497128549374426,0
7564-GHCVB,0.0484024360945886,0
0524-IAVZO,0.5590391819031479,1
4693-VWVBO,0.36998093497213824,0
8565-CLBZW,0.3757240942378582,0
6961-VCPMC,0.43864666881446096,0
0422-OHQHQ,0.01175071275075485,0
5640-CAXOA,0.09875154506627683,0
7136-IHZJA,0.12659442334305157,0
3696-XRIEN,0.12767286677311301,0
8999-BOHSE,0.4985776919908292,0
3537-RYBHH,0.2017084772593348,0
6599-RCLCJ,0.37077291129913,0
4923-ADWXJ,0.1253858738887118,0
6218-KNUBD,0.28854011662238777,0
2595-KIWPV,0.015666970652549204,0
3621-CHYVB,0.12263140483080877,0
5656-MJEFC,0.02157637363022531,0
1094-BKOSX,0.05586931411763278,0
4836-WNFNO,0.010868914000095686,0
1623-NLDOT,0.025333423650222377,0
6621-NRZAK,0.005313976650961513,0
2481-SBOYW,0.018310073486921298,0
3549-ZTMNH,0.04742542144223756,0
4588-YBNIB,0.38086904800415866,0
7315-WYOAW,0.5856248035338787,1
2884-GBPFB,0.43914337722471364,0
0410-IPFTY,0.326190454770198,0
1813-JYWTO,0.045169201194146844,0
3973-SKMLN,0.009601761394341735,0
5447-VYTKW,0.09711255036991874,0
3680-CTHUH,0.18574504074063,0
7277-KAMWT,0.031359533515389136,0
6475-VHUIZ,0.13611783841828148,0
2636-ALXXZ,0.8041541192239775,1
5307-UVGNB,0.1592035869514986,0
1661-CZBAU,0.0710844473296667,0
4274-OWWYO,0.7566853660045508,1
8080-DDEMJ,0.47614953429673007,0
8540-ZQGEA,0.011282123843528674,0
4795-KTRTH,0.7367796863745305,1
6305-YLBMM,0.17284292093039336,0
7245-NIIWQ,0.6908320340492792,1
9967-ATRFS,0.12276890116793661,0
5931-FLJJF,0.511293886646527,1
9921-QFQUL,0.35244334093428953,0
7721-DVEKZ,0.3173330664754545,0
9415-ZNBSX,0.01758011215388205,0
8249-THVEC,0.011410108688551872,0
3154-CFSZG,0.30922982397199716,0
2378-HTWFW,0.3428184981226679,0
5998-VVEJY,0.5098473441464185,1
7820-ZYGNY,0.117408063196274,0
8118-LSUEL,0.6134443539412611,1
9938-EKRGF,0.2106684919945775,0
2672-HUYVI,0.7182927561748232,1
5871-DGTXZ,0.008571466331829217,0
7649-SIJJF,0.009966237377982277,0
8695-ARGXZ,0.5866641123729465,1
6582-PLFUU,0.008106188321839057,0
4056-QHXHZ,0.04036636636070802,0
4009-ALQFH,0.541338067176157,1
6765-MBQNU,0.022031938702959004,0
4611-ANLQC,0.05761944663834859,0
4480-QQRHC,0.5882889433771569,1
0854-UYHZD,0.008720733413239623,0
1078-TDCRN,0.6785902531113799,1
8203-XJZRC,0.3324494685846067,0
4450-YOOHP,0.22248121590636372,0
5220-AGAAX,0.010711853371998026,0
8051-HJRLT,0.7808879947528172,1
1936-UAFEH,0.10665458723267916,0
3638-WEABW,0.02105079748500278,0
9053-EJUNL,0.5237596874347351,1
3258-SYSWS,0.05037362676904629,0
5201-CBWYG,0.013888632154309853,0
8780-RSYYU,0.1673377184155418,0
6345-ULYRW,0.13512402720661232,0
6210-KBBPI,0.6184145646173113,1
5561-NWEVX,0.7173255349797201,1
4658-HCOHW,0.5005746683433977,1
3132-TVFDZ,0.29642627901384877,0
8350-NYMVI,0.13861800773824867,0
3556-BVQGL,0.015266248216929696,0
9940-HPQPG,0.5173103317044577,1
3199-NPKCN,0.2702242984364738,0
4316-XCSLJ,0.19973481251794944,0
0794-YVSGE,0.006993487157416108,0
5896-NPFWW,0.5397975132616936,1
9873-MNDKV,0.28241048526471585,0
2302-ANTDP,0.2772362685376104,0
3704-IEAXF,0.04888924370843802,0
2359-QWQUL,0.1984963220976407,0
4299-SIMNS,0.5879264238649438,1
9391-TTOYH,0.14103258918684838,0
4010-YLMVT,0.2952917804008263,0
9681-OXGVC,0.7639700132069468,1
5012-YSPJJ,0.09931218923984925,0
8970-ANWXO,0.17618144114791204,0
1074-WVEVG,0.015416820238979051,0
6696-YDAYZ,0.008288054003110105,0
8033-VCZGH,0.20474657220664266,0
5198-HQAEN,0.23143032583957357,0
7995-ZHHNZ,0.032033695134667785,0
8980-WQFWL,0.21648476629382987,0
7251-XFOIL,0.23129325639327983,0
4583-PARNH,0.5264088234050354,1
9867-JCZSP,0.018797180564497848,0
3985-HOYPM,0.011221267557064483,0
6015-VVHHE,0.7045546440829119,1
8922-LIEGH,0.574184747105325,1
8883-GRDWQ,0.07684717274319575,0
0577-WHMEV,0.5147489897763493,1
3842-QTGDL,0.3115203752615863,0
4023-RTIQM,0.11141533769498174,0
7771-CFQRQ,0.03789548613189853,0
8573-JGCZW,0.027597784931733184,0
8835-VSDSE,0.6718564224828243,1
2615-YVMYX,0.3952467132066312,0
5339-PXDVH,0.615142125976233,1
3387-PLKUI,0.11657537309176381,0
7853-WNZSY,0.3902897914345176,0
4430-UZIPO,0.551604397903651,1
4138-NAXED,0.2289857537324813,0
3133-PZNSR,0.04370566955553203,0
5795-BKOYE,0.02894999563243027,0
6892-XPFPU,0.6098868379417677,1
5567-WSELE,0.792544553791877,1
6670-MFRPK,0.034141020667611814,0
7351-MHQVU,0.29206110225045917,0
5304-EFJLP,0.09192986183163626,0
4007-NHVHI,0.28342702576023404,0
9896-UYMIE,0.1750290402124574,0
3744-ZBHON,0.36626761058913054,0
7850-VWJUU,0.2597457887033247,0
6032-IGALN,0.6262781456886463,1
1293-HHSHJ,0.009553348529266828,0
5842-POCOP,0.5680050392650304,1
5442-BHQNG,0.5913833486056586,1
3452-FLHYD,0.023202425310120137,0
5575-TPIZQ,0.3067238765613236,0
4900-MSOMT,0.013381703454128719,0
4059-IIEBK,0.6526204673855858,1
5569-IDSEY,0.17221778802683008,0
1427-VERSM,0.3180443719234261,0
2190-BCXEC,0.31441220914008905,0
1544-JJMYL,0.08612868055007766,0
6542-LWGXJ,0.3488320124890654,0
2242-MFOTG,0.0620178271898926,0
4361-JEIVL,0.6169357979426621,1
9140-CZQZZ,0.025693804994665843,0
6447-GORXK,0.13287943075252692,0
2954-PIBKO,0.015425497705389384,0
6574-MCOEH,0.1915820079577425,0
6386-SZZKH,0.07887674880729661,0
2284-VFLKH,0.16180737749701327,0
6234-PFPXL,0.32605459457530983,0
3891-NLXJB,0.02217111579330936,0
0392-BZIUW,0.06047928894329943,0
6885-PKOAM,0.011562554405965882,0
6458-CYIDZ,0.5249296225532174,1
6051-PTVNS,0.023300917387339484,0
5268-DSMNQ,0.11899178497105872,0
3969-GYXEL,0.4868093335772274,0
2004-OCQXK,0.8076258088595424,1
2018-QKYGT,0.7858092502977189,1
8775-ERLNB,0.670109949018563,1
2845-KDHVX,0.018716635137379665,0
2144-BFDSO,0.3091951329936173,0
2188-SXWVT,0.04569278001650428,0
9851-KIELU,0.5746502805669563,1
3530-CRZSB,0.19921446461433234,0
3181-VTHOE,0.06500038791692699,0
8709-KRDVL,0.5675139542063274,1
2001-EWBQU,0.11621629523341788,0
3387-VATUS,0.7023834015388841,1
9074-KGVOX,0.1652759359738475,0
0810-BDHAW,0.09012465454873377,0
8250-ZNGGW,0.3159844550050985,0
5047-LHVLY,0.5912064028658245,1
4980-URKXC,0.01429552068563458,0
8224-KDLKN,0.005040344802447754,0
9633-DENPU,0.1567857900743996,0
5935-FCCNB,0.652677478760128,1
4283-IVYCI,0.20934189338887765,0
7609-NRNCA,0.013897390507014759,0
1976-CFOCS,0.502874685926078,1
6486-LHTMA,0.2929072444541871,0
1268-ASBGA,0.4883895339513824,0
9139-TWBAS,0.06900369483951843,0
5961-VUSRV,0.03860107349877024,0
7912-SYRQT,0.6625468534371528,1
1226-JZNKR,0.08178719049821889,0
6916-HIJSE,0.02656091934215857,0
8066-POXGX,0.3926397381106949,0
8191-XWSZG,0.012843931268753368,0
6032-KRXXO,0.5366593945155801,1
9631-XEYKE,0.38218268974782726,0
2739-CACDQ,0.3961012565846885,0
0074-HDKDG,0.057560723477699555,0
3227-WLKLI,0.024305256081956553,0
3523-BRGUW,0.04799452039146407,0
5035-PGZXH,0.27635078943784164,0
5626-MGTUK,0.40474840222234076,0
9700-ISPUP,0.2701198559420287,0
9552-TGUZV,0.4976205779898717,0
6954-OOYZZ,0.19187118060858732,0
1769-GRUIK,0.4660378662387311,0
6543-CPZMK,0.4081714741929438,0
7684-XSZIY,0.004978284325332238,0
6288-CHQJB,0.041590555637669675,0
6464-KEXXH,0.3525265406001063,0
4656-CAURT,0.012082855777185047,0
8019-ENHXU,0.44563676016200077,0
6259-WJQLC,0.3586058669745633,0
1763-WQFUK,0.45440089151213464,0
9495-REDIY,0.12353259830779802,0
1134-YWTYF,0.14479799888201544,0
9992-RRAMN,0.5634005218783324,1
6139-ZZRBQ,0.026245953635553678,0
4628-CTTLA,0.24296138604355685,0
1722-LDZJS,0.013735855246359301,0
7129-ACFOG,0.44578573813726174,0
7055-VKGDA,0.17479553027694356,0
5153-RTHKF,0.4433040153986078,0
9060-HJJRW,0.09546478590784187,0
4945-RVMTE,0.17040238379767877,0
7422-WNBTY,0.5391410635228007,1
5630-IXDXV,0.4779803558314433,0
5923-GXUOC,0.6074526406920187,1
7660-HDPJV,0.7730746238043469,1
3190-XFANI,0.17931984778409352,0
6181-AXXYF,0.011066640056977682,0
6559-RAKOZ,0.18673829490311492,0
5351-QESIO,0.39204113152591025,0
0842-IWYCP,0.1207746597774657,0
7733-UDMTP,0.3007814326672023,0
2292-XQWSV,0.07027689687097088,0
4226-KKDON,0.3329571508245867,0
6235-VDHOM,0.5062118306832021,1
3774-VBNXY,0.0034084509263738435,0
2525-GVKQU,0.005514979340625083,0
6365-HITVU,0.011571204419376379,0
2523-EWWZL,0.49447329491488795,0
8739-XNIKG,0.7401411153757489,1
0958-YHXGP,0.5406511599158035,1
3473-XIIIT,0.6709057788494954,1
3049-NDXFL,0.6737661997022946,1
4277-PVRAN,0.6435692215776336,1
5619-XZZKR,0.03723897808439788,0
9190-MFJLN,0.4036012560842869,0
6088-BXMRG,0.5621239302396596,1
6174-NRBTZ,0.04340055110821854,0
7173-TETGO,0.0465449214984716,0
0354-VXMJC,0.009650431971981935,0
4694-PHWFW,0.15613756058036413,0
0412-UCCNP,0.09038949515980661,0
0133-BMFZO,0.5638099188989678,1
0682-USIXD,0.5162754256223594,1
6907-FLBER,0.3521970227767281,0
9391-YZEJW,0.2103270568666234,0
4654-ULTTN,0.02250869117785357,0
4013-GUXND,0.346934289713808,0
0680-DFNNY,0.6710189245509113,1
7673-LPRNY,0.1876682957687289,0
4139-SUGLD,0.10446323210620179,0
1428-IEDPR,0.13906051770161995,0
4211-MMAZN,0.3324494685846067,0
9734-YWGEX,0.5571678290353446,1
3838-OZURD,0.3350157263270211,0
6161-ERDGD,0.14479443752028798,0
6521-YYTYI,0.8164197092905493,1
2466-FCCPT,0.00895171593921949,0
8143-ETQTI,0.014291203047321597,0
6250-CGGUN,0.12826321669194357,0
9408-SSNVZ,0.6397497766648494,1
0843-WTBXE,0.28031282593795015,0
3932-IJWDZ,0.3734822064640159,0
6595-COKXZ,0.636809626147869,1
8659-HDIYE,0.18899037766537963,0
2982-IHMFT,0.7549028807988073,1
7056-IMHCC,0.440852361873994,0
9780-FKVVF,0.3253117539472066,0
6656-JWRQX,0.4108918524044844,0
3617-XLSGQ,0.08167346219711344,0
7359-PTSXY,0.4301156095588734,0
8779-YIQQA,0.008039391775743315,0
0388-EOPEX,0.6223727834082543,1
9444-JTXHZ,0.7195514825896328,1
2013-SGDXK,0.7643275532990093,1
7493-TPUWZ,0.7916101738345326,1
5850-BDWCY,0.1936620450512158,0
0343-QLUZP,0.019514083919200273,0
2025-JKFWI,0.5024148216785699,1
8884-ADFVN,0.7528835568557527,1
7516-GMHUV,0.09823167896437994,0
5756-OZRIO,0.07726670051071935,0
3308-DGHKL,0.012532144084476528,0
2480-JZOSN,0.4597624543201254,0
0386-CWRGM,0.006719423031733496,0
9115-YQHGA,0.1940409421945368,0
7872-BAAZR,0.012236684321392686,0
8930-XOTDP,0.1939378314254684,0
6317-YPKDH,0.42335887424431007,0
8050-WYBND,0.1792570196425806,0
3669-OYSJI,0.3729851961283797,0
4391-LNRXK,0.29992398286865113,0
0289-IVARM,0.11602861197014472,0
1596-BBVTG,0.2706084238042261,0
4002-BQWPQ,0.16258406665781164,0
6743-HHQPF,0.13790334068991206,0
2091-MJTFX,0.14812662696134155,0
2111-DWYHN,0.369778537404533,0
0281-CNTZX,0.010291797569803198,0
8313-NDOIA,0.6084212620441385,1
2996-XAUVF,0.04827183644666226,0
1009-IRMNA,0.213256971258451,0
9046-JBFWA,0.08946076410654401,0
1550-LOAHA,0.27056518564020016,0
8069-YQQAJ,0.26632514436384397,0
6549-BTYPG,0.02387501760191444,0
4804-NCPET,0.006533233520799868,0
2080-CAZNM,0.555872998303412,1
1958-RNRKS,0.12120028202876038,0
7409-JURKQ,0.13782735925542905,0
6663-JOCQO,0.06912365733247623,0
9163-GHAYE,0.2465517438331848,0
0742-MOABM,0.3019981628567872,0
0975-UYDTX,0.16351987737739193,0
2055-BFOCC,0.08811935427050747,0
2528-HFYZX,0.5524233566077091,1
5025-GOOKI,0.20793857636541768,0
9500-IWPXQ,0.08164586104956806,0
3088-FVYWK,0.018870835688365877,0
1820-DJFPH,0.010867347705084896,0
6777-TGHTM,0.16176276076144763,0
8439-LTUGF,0.18069832858004248,0
3858-XHYJO,0.16073653813337369,0
3308-JSGML,0.06717016660084883,0
3824-RHKVR,0.12822901198883566,0
9512-PHSMG,0.2114039569422906,0
2533-QVMSK,0.0726650763701246,0
3982-DQLUS,0.24099570740761,0
4451-RWASJ,0.020731185838229877,0
5010-IPEAQ,0.02509373449152994,0
1403-LKLIK,0.008149560745142101,0
1396-QWFBJ,0.29719325647262773,0
2321-OMBXY,0.07601185349985536,0
6681-ZSEXG,0.02795864223797509,0
1004-NOZNR,0.15870179414243862,0
5019-GQVCR,0.5371234949256136,1
9685-WKZGT,0.5811458101596101,1
2931-VUVJN,0.15957428017455125,0
1513-XNPPH,0.5277511414843211,1
4088-YLDSU,0.22013205922119577,0
7156-MXBJE,0.1218579289741287,0
6752-APNJL,0.12807276465096154,0
9402-ROUMJ,0.14817679339795992,0
1930-QPBVZ,0.08216087392708897,0
6818-WOBHJ,0.1846410406402725,0
7750-EYXWZ,0.17583185660973766,0
6652-YFFJO,0.3874299333649789,0
6429-SHBCB,0.15919844392070362,0
0224-HJAPT,0.39930664977809033,0
7246-ZGQDF,0.45735571753281334,0
9214-EKVXR,0.6286310170856982,1
3703-VAVCL,0.4858255502397069,0
0455-XFASS,0.6421616866897802,1
3320-VEOYC,0.6685283640454419,1
6122-EFVKN,0.02413640118558369,0
7025-IWFHT,0.19779800368996095,0
8681-ICONS,0.14007137951148896,0
8734-DKSTZ,0.602791590431635,1
1942-OQFRW,0.41310960242719913,0
9805-FILKB,0.030310752542663296,0
2560-WBWXF,0.01627807165371844,0
2314-TNDJQ,0.02678401134729304,0
8010-EZLOU,0.5973904033054647,1
3511-APPBJ,0.20363208947149913,0
9027-YFHQJ,0.35454366675659615,0
8414-MYSHR,0.7157953066167754,1
1814-DKOLC,0.24978201754455706,0
2506-TNFCO,0.8171185619452652,1
5071-FBJFS,0.43625045957572534,0
2408-WITXK,0.5168933207794426,1
8270-RKSAP,0.5465102150180013,1
8152-VETUR,0.07440423702086862,0
8481-YYXWG,0.6265112061980515,1
5939-XAIXZ,0.18304407772732412,0
3398-FSHON,0.6496358007140421,1
0486-LGCCH,0.00909970091535628,0
9323-HGFWY,0.2164930106704058,0
5076-YVXCM,0.2650636672983076,0
9256-JTBNZ,0.18252494596721228,0
0774-IFUVM,0.2507108712821301,0
1679-JRFBR,0.1911681385573204,0
8067-NIOYM,0.017178355741588946,0
2683-BPJSO,0.510271032298877,1
7926-IJOOU,0.30300664685751,0
3097-FQTVJ,0.006233627444503451,0
2079-FBMZK,0.4880759403550432,0
6506-EYCNH,0.1735693947977432,0
7587-AOVVU,0.4245501448659694,0
2674-MIAHT,0.6814052403761894,1
8775-CEBBJ,0.31935825715529975,0
2999-AANRQ,0.0728540960291181,0
4877-EVATK,0.32489424394052263,0
0722-TROQR,0.7184556420526702,1
8752-IMQOS,0.026995478381616592,0
9912-OMZDS,0.26528334925855146,0
7103-ZGVNT,0.06336152618276408,0
3221-CJMSG,0.14253863946158568,0
0139-IVFJG,0.5893751255497834,1
2606-PKWJB,0.024165764847802133,0
0877-SDMBN,0.15685533877001123,0
5549-ZGHFB,0.013315816531490101,0
3045-XETSH,0.6374422995102648,1
8065-QBYTO,0.17225962590908284,0
0107-WESLM,0.42087985509719866,0
2485-ITVKB,0.7098325926520711,1
6143-JQKEA,0.32983023588437865,0
0487-CRLZF,0.02398948203924443,0
1218-VKFPE,0.11971165657654832,0
9847-HNVGP,0.012651377335137175,0
2146-EGVDT,0.0069787903880732935,0
0956-SYCWG,0.058675985508565925,0
7503-MIOGA,0.02269491199837906,0
3173-WSSUE,0.005133388394301918,0
7266-GSSJX,0.3113313882384916,0
1746-TGTWV,0.571280374992267,1
3801-HMYNL,0.6145768899733011,1
4439-YRNVD,0.24909799065326133,0
2921-XWDJH,0.4867434387669307,0
8285-ABVLB,0.007560539440576441,0
0799-DDIHE,0.2605397811013275,0
9360-OMDZZ,0.6036357168429002,1
1436-ZMJAN,0.31040124107409484,0
0013-SMEOE,0.029211048954702855,0
6402-SSEJG,0.07578354138591765,0
3092-IGHWF,0.1960086134704675,0
4135-FRWKJ,0.09850536364992694,0
4578-PHJYZ,0.11845191105665778,0
8746-BFOAJ,0.018827397182456816,0
8705-DWKTI,0.2831799585346663,0
4800-CZMPC,0.15179572896427085,0
3569-VLDHH,0.09063780346765192,0
1666-JZPZT,0.1269590914103304,0
2908-WGAXL,0.027508591417031134,0
9878-TNQGW,0.7378511791988394,1
3580-GICBM,0.015758941473540247,0
2737-YNGYW,0.6627815485892775,1
5213-TWWJU,0.3488584275696994,0
3957-LXOLK,0.5788503003562603,1
9313-CDOGY,0.16097030007480825,0
3146-MSEGF,0.03293166852565728,0
6569-KTMDU,0.3114518461484535,0
1269-FOYWN,0.010376691240794106,0
7760-OYPDY,0.724570543566093,1
8677-HDZEE,0.2589930053028313,0
6961-MJKBO,0.01776523730654235,0
1216-JWVUX,0.49953220541353616,0
7979-CORPM,0.35970308938577367,0
7014-ZZXAW,0.017935064870950562,0
0733-VUNUW,0.15489159372924807,0
2037-XJFUP,0.2667128543613804,0
2181-TIDSV,0.009034768325484045,0
6725-TPKJO,0.006321505594904611,0
2267-FPIMA,0.24530397647405885,0
2484-DGXPZ,0.15252870634697963,0
7486-KSRVI,0.20822344866531092,0
5980-BDHPY,0.01524194784752355,0
5678-VFNEQ,0.180376612856176,0
3982-JGSFD,0.02504886225611107,0
8314-HTWVE,0.011195045807566497,0
2669-OIDSD,0.2888729668381141,0
7268-WNTCP,0.006690565992330444,0
6821-BUXUX,0.6066729523397832,1
0278-YXOOG,0.2269433551540916,0
5730-RIITO,0.22939129724710583,0
1410-RSCMR,0.30812115051723743,0
1663-MHLHE,0.3224653266649197,0
2300-RQGOI,0.006233627444503451,0
4765-OXPPD,0.17368026115967752,0
3209-ZPKFI,0.15171706746711558,0
9173-IVZVP,0.006120228564431293,0
1385-TQOZW,0.2284077083550087,0
6344-SFJVH,0.16579206387082926,0
6180-YBIQI,0.32142127872195225,0
4859-ZSRDZ,0.040711988217638134,0
6543-JXSOO,0.04912493898074006,0
1930-WNXSB,0.3559714011023949,0
0746-JTRFU,0.6456298518774237,1
0637-UBJRP,0.4459773975809084,0
0114-PEGZZ,0.4564191677827079,0
3022-BEXHZ,0.1229613026955115,0
5647-FXOTP,0.4041327125099632,0
7825-ECJRF,0.5076699634652285,1
8963-MQVYN,0.26123199535377706,0
6695-FRVEC,0.01645951374797659,0
6833-JMZYP,0.48813448635654844,0
9667-TKTVZ,0.5387480076610168,1
4999-IEZLT,0.044929048253914534,0
0784-ZQJZX,0.007818057618945145,0
9253-QXKBE,0.6035892055839119,1
0754-UKWQP,0.7519410491494224,1
5481-NTDOH,0.18495307458835508,0
9717-QEBGU,0.68063544923556,1
4971-PUYQO,0.44094948424642166,0
7599-FKVXZ,0.4122942684602748,0
0122-OAHPZ,0.6829846514294455,1
6242-MBHPK,0.5464592690937686,1
6080-LNESI,0.021702720411759534,0
2379-GYFLQ,0.1354474720473886,0
3612-YVGSJ,0.01843506487095056,0
5018-HEKFO,0.2569889316937366,0
2115-BFTIW,0.21021140080862796,0
1545-ACTAS,0.14432943074635965,0
5380-XPJNZ,0.009803320770450508,0
5028-HTLJB,0.3776113929080894,0
9424-CMPOG,0.010047314496529841,0
8874-EJNSR,0.014565428504481994,0
5527-ACHSO,0.2683620116073499,0
0506-YLVKJ,0.009867275666950752,0
4013-TLDHQ,0.5088801570880561,1
9114-AAFQH,0.07062421705617383,0
9094-AZPHK,0.664730083709694,1
6040-CGACY,0.12772815752947475,0
2535-PBCGC,0.020770142744828166,0
7205-BAIAD,0.016533149642672426,0
2055-PDADH,0.6825402984726011,1
6789-HJBWG,0.3529875355797386,0
0254-KCJGT,0.07433760598246146,0
6723-CEGQI,0.028972606349773843,0
5296-PSYVW,0.03688645027779611,0
7302-ZHMHP,0.3114518461484535,0
6357-JJPQT,0.7186376435753676,1
5501-TVMGM,0.6832849600245529,1
6778-EICRF,0.09394214847340109,0
7975-TZMLR,0.2279033940565121,0
